Name,Type,Website,Items
Westmark Corp.,Raw Materials,http://westmarkcorp.com/,"Forest Green Nylon,Grass Green Nylon,Skydiver Blue Nylon,Sunset Orange Nylon,Deep Purple Nylon,Slate Gray Nylon,White Nylon"
Ripstop By The Roll,Raw Materials,https://ripstopbytheroll.com/,"Coyote Brown Silpoly,Dark Olive Silpoly"
C.S.R Braids,Raw Materials,https://csrbraids.com/,1500# Spectra
"Ningbo L&J Mould Co.,Ltd",Raw Materials,86-574-88016850,"Nylon Button,Quick Adjuster Hardware,Tree Strap Bead,Glow Friction Adjuster"
HYRopes,Raw Materials,,"Green Guyline Cord,Gray Drawstring Cord"
Quanzhou Lucky Seven,Raw Materials,https://qzluckyseven.en.alibaba.com/,Cord Lock
Sticker Robot,Raw Materials,https://stickerobot.com/,"Logo Sticker Forest Green,Logo Sticker Black,Logo Sticker Grass Green,Logo Sticker Skydiver Blue,Logo Sticker Sunset Orange,Logo Sticker Slate Gray,Logo Sticker Deep Purple,Logo Sticker White,Logo Sticker Coyote Brown,Logo Sticker Dark Olive"
Sovetl,Raw Materials,,"""1"""" Gray Webbing"",""2"""" Gray Webbing"""
Sawyer,Finished Goods,https://sawyerdirect.net/,"Permethrin Insect Repellent,Picaridin Insect Repellent"
GearAid,Finished Goods,https://www.gearaid.com/,"Sil-Net Seam Sealer Bulk,Tenacious Tape Flex Patches,Tenacious Tape Silnylon Patches,Tenacious Tape Mesh Patches,Sil-Net Seam Sealer Retail,Revivex Pro Cleaner,Carabiner Light Kit"
"Shanxi Qianfei Industry And Trade Co.,Ltd",Finished Goods,http://qf-trading.en.alibaba.com,"Warbler Bug Net,Martin Bug Net"
Jiaxing Epoch Outdoor Limited,Finished Goods,https://rocgift.en.alibaba.com/?spm=a2700.12243863.0.0.38403e5fP3CjDy,Starling Pillow
"Hefei Goodwin International Trading Co., Ltd.",Finished Goods,,Junco Sleeping Pad
DPB Plastic Bags,Raw Materials,https://www.discountplasticbags.com/,"""Poly Bag 4"""" x 7"""""",""Poly Bag 6"""" x 9"""""",""Poly Bag 7"""" x 9"""""""
"Baoji Ouyuan New-metal tech Co.,Ltd.",Finished Goods,,"Titanium Stakes,Titanium Stakes+"
"Fujian Province Dongshan County Huiyongtai Sport Products Industrial Co., Ltd.",Raw Materials,https://hyt.en.alibaba.com/?spm=a2700.12243863.0.0.38403e5f8OUNIi,Stainless Steel Wall Hanger
Alamo Pride,Manufacturer,https://alamopride.com/,"Single Hammock Forest Green,Single Hammock Grass Green,Single Hammock Skydiver Blue,Single Hammock Sunset Orange,Single Hammock Slate Gray,Single Hammock Deep Purple,Single+ Hammock Forest Green,Single+ Hammock Grass Green,Single+ Hammock Skydiver Blue,Single+ Hammock Sunset Orange,Single+ Hammock Slate Gray,Single+ Hammock Deep Purple,Long Hammock Forest Green,Long Hammock Grass Green,Long Hammock Skydiver Blue,Long Hammock Sunset Orange,Long Hammock Slate Gray,Long Hammock Deep Purple,Double Hammock Gray and Forest Green,Double Hammock Gray and Grass Green,Double Hammock Gray and Skydiver Blue,Double Hammock Gray and Sunset Orange,Double Hammock Gray and Deep Purple,Heron Tarp Coyote Brown,Heron Tarp Dark Olive,Pelican Tarp Coyote Brown,Pelican Tarp Dark Olive,Tree Straps 1 Inch,Tree Straps+ 1 Inch,Tree Strap Extensions ,Replacement Tree Strap Webbing 1 inch - 5 ft,Replacement Tree Strap Webbing 1 inch - 10 ft,Replacement Tree Strap Bag Tree Straps,Replacement Tree Strap Bag Tree Straps+,Replacement Whoopie Sling ,Replacement Button Link Set Black,Tree Straps 2 Inch,Tree Straps+ 2 Inch,Replacement Tree Strap Webbing 2 inch - 5 ft,Replacement Tree Strap Webbing 2 inch - 10 ft"